{
  "best_k": 3,
  "feature_names": [
    "feature_1",
    "feature_2"
  ],
  "n_samples": 400,
  "silhouette_kmeans": 0.7011,
  "rf_proxy_accuracy": 1.0,
  "shap_importance": {
    "feature_1": 0.21454456744418943,
    "feature_2": 0.1959994742224772
  },
  "cluster_info": {
    "0": {
      "size": 126,
      "centroid_f1": 42.17944444444444,
      "centroid_f2": 41.31619047619048
    },
    "1": {
      "size": 200,
      "centroid_f1": 23.683500000000002,
      "centroid_f2": 7.277649999999991
    },
    "2": {
      "size": 74,
      "centroid_f1": 54.27243243243244,
      "centroid_f2": 86.6835135135135
    }
  }
}